Source,Target,Score
1ike_A,1avn_A,0.750000
1jqd_A,1avn_A,0.750000
1jqd_A,1ike_A,0.888889
1jqd_B,1avn_A,0.750000
1jqd_B,1ike_A,0.888889
1jqd_B,1jqd_A,0.000000
1kar_A,1avn_A,0.750000
1kar_A,1ike_A,0.666667
1kar_A,1jqd_A,0.800000
1kar_A,1jqd_B,0.800000
1kar_B,1avn_A,0.750000
1kar_B,1ike_A,0.666667
1kar_B,1jqd_A,0.800000
1kar_B,1jqd_B,0.800000
1kar_B,1kar_A,0.000000
1np1_A,1avn_A,0.750000
1np1_A,1ike_A,0.125000
1np1_A,1jqd_A,0.875000
1np1_A,1jqd_B,0.875000
1np1_A,1kar_A,0.625000
1np1_A,1kar_B,0.625000
1np1_B,1avn_A,0.750000
1np1_B,1ike_A,0.125000
1np1_B,1jqd_A,0.875000
1np1_B,1jqd_B,0.875000
1np1_B,1kar_A,0.625000
1np1_B,1kar_B,0.625000
1np1_B,1np1_A,0.000000
1qft_A,1avn_A,1.000000
1qft_A,1ike_A,0.888889
1qft_A,1jqd_A,0.700000
1qft_A,1jqd_B,0.700000
1qft_A,1kar_A,0.818182
1qft_A,1kar_B,0.818182
1qft_A,1np1_A,0.875000
1qft_A,1np1_B,0.875000
1qft_B,1avn_A,1.000000
1qft_B,1ike_A,0.888889
1qft_B,1jqd_A,0.700000
1qft_B,1jqd_B,0.700000
1qft_B,1kar_A,0.818182
1qft_B,1kar_B,0.818182
1qft_B,1np1_A,0.875000
1qft_B,1np1_B,0.875000
1qft_B,1qft_A,0.157895
1qfv_A,1avn_A,1.000000
1qfv_A,1ike_A,0.888889
1qfv_A,1jqd_A,0.800000
1qfv_A,1jqd_B,0.800000
1qfv_A,1kar_A,0.800000
1qfv_A,1kar_B,0.800000
1qfv_A,1np1_A,0.875000
1qfv_A,1np1_B,0.875000
1qfv_A,1qft_A,0.500000
1qfv_A,1qft_B,0.600000
1qfv_B,1avn_A,1.000000
1qfv_B,1ike_A,0.888889
1qfv_B,1jqd_A,0.800000
1qfv_B,1jqd_B,0.800000
1qfv_B,1kar_A,0.800000
1qfv_B,1kar_B,0.800000
1qfv_B,1np1_A,0.875000
1qfv_B,1np1_B,0.875000
1qfv_B,1qft_A,0.500000
1qfv_B,1qft_B,0.600000
1qfv_B,1qfv_A,0.000000
1u18_A,1avn_A,1.000000
1u18_A,1ike_A,0.428571
1u18_A,1jqd_A,0.857143
1u18_A,1jqd_B,0.857143
1u18_A,1kar_A,0.714286
1u18_A,1kar_B,0.714286
1u18_A,1np1_A,0.285714
1u18_A,1np1_B,0.285714
1u18_A,1qft_A,0.857143
1u18_A,1qft_B,0.857143
1u18_A,1qfv_A,0.857143
1u18_A,1qfv_B,0.857143
1u18_B,1avn_A,1.000000
1u18_B,1ike_A,0.428571
1u18_B,1jqd_A,0.857143
1u18_B,1jqd_B,0.857143
1u18_B,1kar_A,0.714286
1u18_B,1kar_B,0.714286
1u18_B,1np1_A,0.285714
1u18_B,1np1_B,0.285714
1u18_B,1qft_A,0.857143
1u18_B,1qft_B,0.857143
1u18_B,1qfv_A,0.857143
1u18_B,1qfv_B,0.857143
1u18_B,1u18_A,0.000000
2qeb_A,1avn_A,1.000000
2qeb_A,1ike_A,0.777778
2qeb_A,1jqd_A,0.800000
2qeb_A,1jqd_B,0.800000
2qeb_A,1kar_A,0.909091
2qeb_A,1kar_B,0.909091
2qeb_A,1np1_A,0.750000
2qeb_A,1np1_B,0.750000
2qeb_A,1qft_A,0.727273
2qeb_A,1qft_B,0.727273
2qeb_A,1qfv_A,0.700000
2qeb_A,1qfv_B,0.700000
2qeb_A,1u18_A,0.714286
2qeb_A,1u18_B,0.714286
2qeb_B,1avn_A,0.750000
2qeb_B,1ike_A,0.777778
2qeb_B,1jqd_A,0.900000
2qeb_B,1jqd_B,0.900000
2qeb_B,1kar_A,0.818182
2qeb_B,1kar_B,0.818182
2qeb_B,1np1_A,0.750000
2qeb_B,1np1_B,0.750000
2qeb_B,1qft_A,0.750000
2qeb_B,1qft_B,0.750000
2qeb_B,1qfv_A,0.700000
2qeb_B,1qfv_B,0.700000
2qeb_B,1u18_A,0.714286
2qeb_B,1u18_B,0.714286
2qeb_B,2qeb_A,0.272727
2x45_A,1avn_A,0.750000
2x45_A,1ike_A,0.777778
2x45_A,1jqd_A,0.900000
2x45_A,1jqd_B,0.900000
2x45_A,1kar_A,0.727273
2x45_A,1kar_B,0.727273
2x45_A,1np1_A,0.750000
2x45_A,1np1_B,0.750000
2x45_A,1qft_A,0.736842
2x45_A,1qft_B,0.789474
2x45_A,1qfv_A,0.700000
2x45_A,1qfv_B,0.700000
2x45_A,1u18_A,0.714286
2x45_A,1u18_B,0.714286
2x45_A,2qeb_A,0.727273
2x45_A,2qeb_B,0.666667
2x45_B,1avn_A,0.750000
2x45_B,1ike_A,0.777778
2x45_B,1jqd_A,0.900000
2x45_B,1jqd_B,0.900000
2x45_B,1kar_A,0.727273
2x45_B,1kar_B,0.727273
2x45_B,1np1_A,0.750000
2x45_B,1np1_B,0.750000
2x45_B,1qft_A,0.736842
2x45_B,1qft_B,0.789474
2x45_B,1qfv_A,0.700000
2x45_B,1qfv_B,0.700000
2x45_B,1u18_A,0.714286
2x45_B,1u18_B,0.714286
2x45_B,2qeb_A,0.727273
2x45_B,2qeb_B,0.666667
2x45_B,2x45_A,0.000000
2x45_C,1avn_A,0.750000
2x45_C,1ike_A,0.777778
2x45_C,1jqd_A,0.900000
2x45_C,1jqd_B,0.900000
2x45_C,1kar_A,0.727273
2x45_C,1kar_B,0.727273
2x45_C,1np1_A,0.750000
2x45_C,1np1_B,0.750000
2x45_C,1qft_A,0.789474
2x45_C,1qft_B,0.800000
2x45_C,1qfv_A,0.700000
2x45_C,1qfv_B,0.700000
2x45_C,1u18_A,0.714286
2x45_C,1u18_B,0.714286
2x45_C,2qeb_A,0.727273
2x45_C,2qeb_B,0.666667
2x45_C,2x45_A,0.157895
2x45_C,2x45_B,0.157895
3bu1_A,1avn_A,1.000000
3bu1_A,1ike_A,0.888889
3bu1_A,1jqd_A,0.800000
3bu1_A,1jqd_B,0.800000
3bu1_A,1kar_A,0.800000
3bu1_A,1kar_B,0.800000
3bu1_A,1np1_A,0.875000
3bu1_A,1np1_B,0.875000
3bu1_A,1qft_A,0.600000
3bu1_A,1qft_B,0.600000
3bu1_A,1qfv_A,0.700000
3bu1_A,1qfv_B,0.700000
3bu1_A,1u18_A,0.857143
3bu1_A,1u18_B,0.857143
3bu1_A,2qeb_A,0.800000
3bu1_A,2qeb_B,0.800000
3bu1_A,2x45_A,0.600000
3bu1_A,2x45_B,0.600000
3bu1_A,2x45_C,0.600000
3g7x_A,1avn_A,1.000000
3g7x_A,1ike_A,0.888889
3g7x_A,1jqd_A,0.800000
3g7x_A,1jqd_B,0.800000
3g7x_A,1kar_A,0.800000
3g7x_A,1kar_B,0.800000
3g7x_A,1np1_A,0.875000
3g7x_A,1np1_B,0.875000
3g7x_A,1qft_A,0.500000
3g7x_A,1qft_B,0.600000
3g7x_A,1qfv_A,0.000000
3g7x_A,1qfv_B,0.000000
3g7x_A,1u18_A,0.857143
3g7x_A,1u18_B,0.857143
3g7x_A,2qeb_A,0.700000
3g7x_A,2qeb_B,0.700000
3g7x_A,2x45_A,0.700000
3g7x_A,2x45_B,0.700000
3g7x_A,2x45_C,0.700000
3g7x_A,3bu1_A,0.700000
3g7x_B,1avn_A,1.000000
3g7x_B,1ike_A,0.888889
3g7x_B,1jqd_A,0.800000
3g7x_B,1jqd_B,0.800000
3g7x_B,1kar_A,0.800000
3g7x_B,1kar_B,0.800000
3g7x_B,1np1_A,0.875000
3g7x_B,1np1_B,0.875000
3g7x_B,1qft_A,0.500000
3g7x_B,1qft_B,0.600000
3g7x_B,1qfv_A,0.000000
3g7x_B,1qfv_B,0.000000
3g7x_B,1u18_A,0.857143
3g7x_B,1u18_B,0.857143
3g7x_B,2qeb_A,0.700000
3g7x_B,2qeb_B,0.700000
3g7x_B,2x45_A,0.700000
3g7x_B,2x45_B,0.700000
3g7x_B,2x45_C,0.700000
3g7x_B,3bu1_A,0.700000
3g7x_B,3g7x_A,0.000000
3rxh_A,1avn_A,0.750000
3rxh_A,1ike_A,0.888889
3rxh_A,1jqd_A,0.700000
3rxh_A,1jqd_B,0.700000
3rxh_A,1kar_A,0.909091
3rxh_A,1kar_B,0.909091
3rxh_A,1np1_A,0.875000
3rxh_A,1np1_B,0.875000
3rxh_A,1qft_A,0.818182
3rxh_A,1qft_B,0.818182
3rxh_A,1qfv_A,0.900000
3rxh_A,1qfv_B,0.900000
3rxh_A,1u18_A,0.857143
3rxh_A,1u18_B,0.857143
3rxh_A,2qeb_A,0.909091
3rxh_A,2qeb_B,0.909091
3rxh_A,2x45_A,0.818182
3rxh_A,2x45_B,0.818182
3rxh_A,2x45_C,0.818182
3rxh_A,3bu1_A,0.800000
3rxh_A,3g7x_A,0.900000
3rxh_A,3g7x_B,0.900000
4xmf_A,1avn_A,0.750000
4xmf_A,1ike_A,0.333333
4xmf_A,1jqd_A,0.833333
4xmf_A,1jqd_B,0.833333
4xmf_A,1kar_A,0.833333
4xmf_A,1kar_B,0.833333
4xmf_A,1np1_A,0.666667
4xmf_A,1np1_B,0.666667
4xmf_A,1qft_A,0.833333
4xmf_A,1qft_B,0.833333
4xmf_A,1qfv_A,0.833333
4xmf_A,1qfv_B,0.833333
4xmf_A,1u18_A,0.666667
4xmf_A,1u18_B,0.666667
4xmf_A,2qeb_A,0.833333
4xmf_A,2qeb_B,0.833333
4xmf_A,2x45_A,0.833333
4xmf_A,2x45_B,0.833333
4xmf_A,2x45_C,0.833333
4xmf_A,3bu1_A,0.833333
4xmf_A,3g7x_A,0.833333
4xmf_A,3g7x_B,0.833333
4xmf_A,3rxh_A,0.833333
5rus_A,1avn_A,1.000000
5rus_A,1ike_A,0.857143
5rus_A,1jqd_A,0.857143
5rus_A,1jqd_B,0.857143
5rus_A,1kar_A,0.857143
5rus_A,1kar_B,0.857143
5rus_A,1np1_A,0.857143
5rus_A,1np1_B,0.857143
5rus_A,1qft_A,0.571429
5rus_A,1qft_B,0.571429
5rus_A,1qfv_A,0.714286
5rus_A,1qfv_B,0.714286
5rus_A,1u18_A,0.857143
5rus_A,1u18_B,0.857143
5rus_A,2qeb_A,0.714286
5rus_A,2qeb_B,0.714286
5rus_A,2x45_A,0.714286
5rus_A,2x45_B,0.714286
5rus_A,2x45_C,0.714286
5rus_A,3bu1_A,0.714286
5rus_A,3g7x_A,0.714286
5rus_A,3g7x_B,0.714286
5rus_A,3rxh_A,0.857143
5rus_A,4xmf_A,0.666667
6dyn_A,1avn_A,1.000000
6dyn_A,1ike_A,0.777778
6dyn_A,1jqd_A,0.800000
6dyn_A,1jqd_B,0.800000
6dyn_A,1kar_A,0.800000
6dyn_A,1kar_B,0.800000
6dyn_A,1np1_A,0.750000
6dyn_A,1np1_B,0.750000
6dyn_A,1qft_A,0.900000
6dyn_A,1qft_B,0.800000
6dyn_A,1qfv_A,0.900000
6dyn_A,1qfv_B,0.900000
6dyn_A,1u18_A,0.714286
6dyn_A,1u18_B,0.714286
6dyn_A,2qeb_A,0.800000
6dyn_A,2qeb_B,0.800000
6dyn_A,2x45_A,0.800000
6dyn_A,2x45_B,0.800000
6dyn_A,2x45_C,0.800000
6dyn_A,3bu1_A,0.800000
6dyn_A,3g7x_A,0.900000
6dyn_A,3g7x_B,0.900000
6dyn_A,3rxh_A,0.900000
6dyn_A,4xmf_A,0.666667
6dyn_A,5rus_A,0.857143
6fu4_A,1avn_A,1.000000
6fu4_A,1ike_A,0.777778
6fu4_A,1jqd_A,0.777778
6fu4_A,1jqd_B,0.777778
6fu4_A,1kar_A,0.777778
6fu4_A,1kar_B,0.777778
6fu4_A,1np1_A,0.875000
6fu4_A,1np1_B,0.875000
6fu4_A,1qft_A,0.666667
6fu4_A,1qft_B,0.666667
6fu4_A,1qfv_A,0.666667
6fu4_A,1qfv_B,0.666667
6fu4_A,1u18_A,0.857143
6fu4_A,1u18_B,0.857143
6fu4_A,2qeb_A,0.777778
6fu4_A,2qeb_B,0.777778
6fu4_A,2x45_A,0.666667
6fu4_A,2x45_B,0.666667
6fu4_A,2x45_C,0.666667
6fu4_A,3bu1_A,0.777778
6fu4_A,3g7x_A,0.666667
6fu4_A,3g7x_B,0.666667
6fu4_A,3rxh_A,0.888889
6fu4_A,4xmf_A,0.833333
6fu4_A,5rus_A,0.857143
6fu4_A,6dyn_A,0.888889
6fu4_B,1avn_A,1.000000
6fu4_B,1ike_A,0.777778
6fu4_B,1jqd_A,0.800000
6fu4_B,1jqd_B,0.800000
6fu4_B,1kar_A,0.800000
6fu4_B,1kar_B,0.800000
6fu4_B,1np1_A,0.875000
6fu4_B,1np1_B,0.875000
6fu4_B,1qft_A,0.700000
6fu4_B,1qft_B,0.700000
6fu4_B,1qfv_A,0.800000
6fu4_B,1qfv_B,0.800000
6fu4_B,1u18_A,0.857143
6fu4_B,1u18_B,0.857143
6fu4_B,2qeb_A,0.800000
6fu4_B,2qeb_B,0.800000
6fu4_B,2x45_A,0.600000
6fu4_B,2x45_B,0.600000
6fu4_B,2x45_C,0.700000
6fu4_B,3bu1_A,0.700000
6fu4_B,3g7x_A,0.800000
6fu4_B,3g7x_B,0.800000
6fu4_B,3rxh_A,0.900000
6fu4_B,4xmf_A,0.833333
6fu4_B,5rus_A,0.857143
6fu4_B,6dyn_A,0.900000
6fu4_B,6fu4_A,0.111111
6fu4_C,1avn_A,1.000000
6fu4_C,1ike_A,0.777778
6fu4_C,1jqd_A,0.800000
6fu4_C,1jqd_B,0.800000
6fu4_C,1kar_A,0.800000
6fu4_C,1kar_B,0.800000
6fu4_C,1np1_A,0.875000
6fu4_C,1np1_B,0.875000
6fu4_C,1qft_A,0.700000
6fu4_C,1qft_B,0.700000
6fu4_C,1qfv_A,0.800000
6fu4_C,1qfv_B,0.800000
6fu4_C,1u18_A,0.857143
6fu4_C,1u18_B,0.857143
6fu4_C,2qeb_A,0.800000
6fu4_C,2qeb_B,0.800000
6fu4_C,2x45_A,0.600000
6fu4_C,2x45_B,0.600000
6fu4_C,2x45_C,0.700000
6fu4_C,3bu1_A,0.700000
6fu4_C,3g7x_A,0.800000
6fu4_C,3g7x_B,0.800000
6fu4_C,3rxh_A,0.900000
6fu4_C,4xmf_A,0.833333
6fu4_C,5rus_A,0.857143
6fu4_C,6dyn_A,0.900000
6fu4_C,6fu4_A,0.111111
6fu4_C,6fu4_B,0.000000
6fu4_D,1avn_A,1.000000
6fu4_D,1ike_A,0.888889
6fu4_D,1jqd_A,0.800000
6fu4_D,1jqd_B,0.800000
6fu4_D,1kar_A,0.818182
6fu4_D,1kar_B,0.818182
6fu4_D,1np1_A,0.875000
6fu4_D,1np1_B,0.875000
6fu4_D,1qft_A,0.727273
6fu4_D,1qft_B,0.727273
6fu4_D,1qfv_A,0.800000
6fu4_D,1qfv_B,0.800000
6fu4_D,1u18_A,0.857143
6fu4_D,1u18_B,0.857143
6fu4_D,2qeb_A,0.818182
6fu4_D,2qeb_B,0.818182
6fu4_D,2x45_A,0.636364
6fu4_D,2x45_B,0.636364
6fu4_D,2x45_C,0.636364
6fu4_D,3bu1_A,0.800000
6fu4_D,3g7x_A,0.800000
6fu4_D,3g7x_B,0.800000
6fu4_D,3rxh_A,0.909091
6fu4_D,4xmf_A,0.833333
6fu4_D,5rus_A,0.857143
6fu4_D,6dyn_A,0.900000
6fu4_D,6fu4_A,0.111111
6fu4_D,6fu4_B,0.100000
6fu4_D,6fu4_C,0.100000
6qfa_A,1avn_A,0.750000
6qfa_A,1ike_A,0.777778
6qfa_A,1jqd_A,0.800000
6qfa_A,1jqd_B,0.800000
6qfa_A,1kar_A,0.800000
6qfa_A,1kar_B,0.800000
6qfa_A,1np1_A,0.875000
6qfa_A,1np1_B,0.875000
6qfa_A,1qft_A,0.700000
6qfa_A,1qft_B,0.700000
6qfa_A,1qfv_A,0.800000
6qfa_A,1qfv_B,0.800000
6qfa_A,1u18_A,0.857143
6qfa_A,1u18_B,0.857143
6qfa_A,2qeb_A,0.700000
6qfa_A,2qeb_B,0.800000
6qfa_A,2x45_A,0.700000
6qfa_A,2x45_B,0.700000
6qfa_A,2x45_C,0.700000
6qfa_A,3bu1_A,0.800000
6qfa_A,3g7x_A,0.800000
6qfa_A,3g7x_B,0.800000
6qfa_A,3rxh_A,0.900000
6qfa_A,4xmf_A,0.833333
6qfa_A,5rus_A,0.857143
6qfa_A,6dyn_A,0.800000
6qfa_A,6fu4_A,0.555556
6qfa_A,6fu4_B,0.700000
6qfa_A,6fu4_C,0.700000
6qfa_A,6fu4_D,0.700000
6qfa_B,1avn_A,0.750000
6qfa_B,1ike_A,0.777778
6qfa_B,1jqd_A,0.800000
6qfa_B,1jqd_B,0.800000
6qfa_B,1kar_A,0.800000
6qfa_B,1kar_B,0.800000
6qfa_B,1np1_A,0.875000
6qfa_B,1np1_B,0.875000
6qfa_B,1qft_A,0.700000
6qfa_B,1qft_B,0.700000
6qfa_B,1qfv_A,0.800000
6qfa_B,1qfv_B,0.800000
6qfa_B,1u18_A,0.857143
6qfa_B,1u18_B,0.857143
6qfa_B,2qeb_A,0.700000
6qfa_B,2qeb_B,0.800000
6qfa_B,2x45_A,0.700000
6qfa_B,2x45_B,0.700000
6qfa_B,2x45_C,0.700000
6qfa_B,3bu1_A,0.800000
6qfa_B,3g7x_A,0.800000
6qfa_B,3g7x_B,0.800000
6qfa_B,3rxh_A,0.900000
6qfa_B,4xmf_A,0.833333
6qfa_B,5rus_A,0.857143
6qfa_B,6dyn_A,0.800000
6qfa_B,6fu4_A,0.555556
6qfa_B,6fu4_B,0.700000
6qfa_B,6fu4_C,0.700000
6qfa_B,6fu4_D,0.700000
6qfa_B,6qfa_A,0.000000
6qfa_C,1avn_A,0.750000
6qfa_C,1ike_A,0.777778
6qfa_C,1jqd_A,0.800000
6qfa_C,1jqd_B,0.800000
6qfa_C,1kar_A,0.800000
6qfa_C,1kar_B,0.800000
6qfa_C,1np1_A,0.875000
6qfa_C,1np1_B,0.875000
6qfa_C,1qft_A,0.700000
6qfa_C,1qft_B,0.700000
6qfa_C,1qfv_A,0.800000
6qfa_C,1qfv_B,0.800000
6qfa_C,1u18_A,0.857143
6qfa_C,1u18_B,0.857143
6qfa_C,2qeb_A,0.700000
6qfa_C,2qeb_B,0.800000
6qfa_C,2x45_A,0.700000
6qfa_C,2x45_B,0.700000
6qfa_C,2x45_C,0.700000
6qfa_C,3bu1_A,0.800000
6qfa_C,3g7x_A,0.800000
6qfa_C,3g7x_B,0.800000
6qfa_C,3rxh_A,0.900000
6qfa_C,4xmf_A,0.833333
6qfa_C,5rus_A,0.857143
6qfa_C,6dyn_A,0.800000
6qfa_C,6fu4_A,0.555556
6qfa_C,6fu4_B,0.700000
6qfa_C,6fu4_C,0.700000
6qfa_C,6fu4_D,0.700000
6qfa_C,6qfa_A,0.000000
6qfa_C,6qfa_B,0.000000
6qfa_D,1avn_A,0.750000
6qfa_D,1ike_A,0.777778
6qfa_D,1jqd_A,0.800000
6qfa_D,1jqd_B,0.800000
6qfa_D,1kar_A,0.800000
6qfa_D,1kar_B,0.800000
6qfa_D,1np1_A,0.875000
6qfa_D,1np1_B,0.875000
6qfa_D,1qft_A,0.700000
6qfa_D,1qft_B,0.700000
6qfa_D,1qfv_A,0.800000
6qfa_D,1qfv_B,0.800000
6qfa_D,1u18_A,0.857143
6qfa_D,1u18_B,0.857143
6qfa_D,2qeb_A,0.700000
6qfa_D,2qeb_B,0.800000
6qfa_D,2x45_A,0.700000
6qfa_D,2x45_B,0.700000
6qfa_D,2x45_C,0.700000
6qfa_D,3bu1_A,0.800000
6qfa_D,3g7x_A,0.800000
6qfa_D,3g7x_B,0.800000
6qfa_D,3rxh_A,0.900000
6qfa_D,4xmf_A,0.833333
6qfa_D,5rus_A,0.857143
6qfa_D,6dyn_A,0.800000
6qfa_D,6fu4_A,0.555556
6qfa_D,6fu4_B,0.700000
6qfa_D,6fu4_C,0.700000
6qfa_D,6fu4_D,0.700000
6qfa_D,6qfa_A,0.000000
6qfa_D,6qfa_B,0.000000
6qfa_D,6qfa_C,0.000000
6qfa_E,1avn_A,0.750000
6qfa_E,1ike_A,0.777778
6qfa_E,1jqd_A,0.800000
6qfa_E,1jqd_B,0.800000
6qfa_E,1kar_A,0.800000
6qfa_E,1kar_B,0.800000
6qfa_E,1np1_A,0.875000
6qfa_E,1np1_B,0.875000
6qfa_E,1qft_A,0.700000
6qfa_E,1qft_B,0.700000
6qfa_E,1qfv_A,0.800000
6qfa_E,1qfv_B,0.800000
6qfa_E,1u18_A,0.857143
6qfa_E,1u18_B,0.857143
6qfa_E,2qeb_A,0.700000
6qfa_E,2qeb_B,0.800000
6qfa_E,2x45_A,0.700000
6qfa_E,2x45_B,0.700000
6qfa_E,2x45_C,0.700000
6qfa_E,3bu1_A,0.800000
6qfa_E,3g7x_A,0.800000
6qfa_E,3g7x_B,0.800000
6qfa_E,3rxh_A,0.900000
6qfa_E,4xmf_A,0.833333
6qfa_E,5rus_A,0.857143
6qfa_E,6dyn_A,0.800000
6qfa_E,6fu4_A,0.555556
6qfa_E,6fu4_B,0.700000
6qfa_E,6fu4_C,0.700000
6qfa_E,6fu4_D,0.700000
6qfa_E,6qfa_A,0.000000
6qfa_E,6qfa_B,0.000000
6qfa_E,6qfa_C,0.000000
6qfa_E,6qfa_D,0.000000
7a5v_A,1avn_A,1.000000
7a5v_A,1ike_A,0.857143
7a5v_A,1jqd_A,0.714286
7a5v_A,1jqd_B,0.714286
7a5v_A,1kar_A,0.714286
7a5v_A,1kar_B,0.714286
7a5v_A,1np1_A,0.857143
7a5v_A,1np1_B,0.857143
7a5v_A,1qft_A,0.571429
7a5v_A,1qft_B,0.571429
7a5v_A,1qfv_A,0.714286
7a5v_A,1qfv_B,0.714286
7a5v_A,1u18_A,0.857143
7a5v_A,1u18_B,0.857143
7a5v_A,2qeb_A,0.571429
7a5v_A,2qeb_B,0.714286
7a5v_A,2x45_A,0.714286
7a5v_A,2x45_B,0.714286
7a5v_A,2x45_C,0.714286
7a5v_A,3bu1_A,0.714286
7a5v_A,3g7x_A,0.714286
7a5v_A,3g7x_B,0.714286
7a5v_A,3rxh_A,0.857143
7a5v_A,4xmf_A,1.000000
7a5v_A,5rus_A,0.857143
7a5v_A,6dyn_A,0.714286
7a5v_A,6fu4_A,0.571429
7a5v_A,6fu4_B,0.571429
7a5v_A,6fu4_C,0.571429
7a5v_A,6fu4_D,0.571429
7a5v_A,6qfa_A,0.000000
7a5v_A,6qfa_B,0.000000
7a5v_A,6qfa_C,0.000000
7a5v_A,6qfa_D,0.000000
7a5v_A,6qfa_E,0.000000
7dfl_R,1avn_A,0.750000
7dfl_R,1ike_A,0.777778
7dfl_R,1jqd_A,0.800000
7dfl_R,1jqd_B,0.800000
7dfl_R,1kar_A,0.818182
7dfl_R,1kar_B,0.818182
7dfl_R,1np1_A,0.750000
7dfl_R,1np1_B,0.750000
7dfl_R,1qft_A,0.727273
7dfl_R,1qft_B,0.727273
7dfl_R,1qfv_A,0.800000
7dfl_R,1qfv_B,0.800000
7dfl_R,1u18_A,0.857143
7dfl_R,1u18_B,0.857143
7dfl_R,2qeb_A,0.818182
7dfl_R,2qeb_B,0.818182
7dfl_R,2x45_A,0.818182
7dfl_R,2x45_B,0.818182
7dfl_R,2x45_C,0.727273
7dfl_R,3bu1_A,0.800000
7dfl_R,3g7x_A,0.800000
7dfl_R,3g7x_B,0.800000
7dfl_R,3rxh_A,0.909091
7dfl_R,4xmf_A,0.833333
7dfl_R,5rus_A,0.857143
7dfl_R,6dyn_A,0.900000
7dfl_R,6fu4_A,0.666667
7dfl_R,6fu4_B,0.700000
7dfl_R,6fu4_C,0.700000
7dfl_R,6fu4_D,0.727273
7dfl_R,6qfa_A,0.700000
7dfl_R,6qfa_B,0.700000
7dfl_R,6qfa_C,0.700000
7dfl_R,6qfa_D,0.700000
7dfl_R,6qfa_E,0.700000
7dfl_R,7a5v_A,0.571429
7qn7_C,1avn_A,0.750000
7qn7_C,1ike_A,0.777778
7qn7_C,1jqd_A,0.800000
7qn7_C,1jqd_B,0.800000
7qn7_C,1kar_A,0.800000
7qn7_C,1kar_B,0.800000
7qn7_C,1np1_A,0.875000
7qn7_C,1np1_B,0.875000
7qn7_C,1qft_A,0.700000
7qn7_C,1qft_B,0.700000
7qn7_C,1qfv_A,0.800000
7qn7_C,1qfv_B,0.800000
7qn7_C,1u18_A,0.857143
7qn7_C,1u18_B,0.857143
7qn7_C,2qeb_A,0.700000
7qn7_C,2qeb_B,0.800000
7qn7_C,2x45_A,0.700000
7qn7_C,2x45_B,0.700000
7qn7_C,2x45_C,0.700000
7qn7_C,3bu1_A,0.800000
7qn7_C,3g7x_A,0.800000
7qn7_C,3g7x_B,0.800000
7qn7_C,3rxh_A,0.900000
7qn7_C,4xmf_A,0.833333
7qn7_C,5rus_A,0.857143
7qn7_C,6dyn_A,0.800000
7qn7_C,6fu4_A,0.555556
7qn7_C,6fu4_B,0.700000
7qn7_C,6fu4_C,0.700000
7qn7_C,6fu4_D,0.700000
7qn7_C,6qfa_A,0.000000
7qn7_C,6qfa_B,0.000000
7qn7_C,6qfa_C,0.000000
7qn7_C,6qfa_D,0.000000
7qn7_C,6qfa_E,0.000000
7qn7_C,7a5v_A,0.000000
7qn7_C,7dfl_R,0.700000
7qn7_D,1avn_A,0.750000
7qn7_D,1ike_A,0.777778
7qn7_D,1jqd_A,0.800000
7qn7_D,1jqd_B,0.800000
7qn7_D,1kar_A,0.800000
7qn7_D,1kar_B,0.800000
7qn7_D,1np1_A,0.875000
7qn7_D,1np1_B,0.875000
7qn7_D,1qft_A,0.700000
7qn7_D,1qft_B,0.700000
7qn7_D,1qfv_A,0.800000
7qn7_D,1qfv_B,0.800000
7qn7_D,1u18_A,0.857143
7qn7_D,1u18_B,0.857143
7qn7_D,2qeb_A,0.700000
7qn7_D,2qeb_B,0.800000
7qn7_D,2x45_A,0.700000
7qn7_D,2x45_B,0.700000
7qn7_D,2x45_C,0.700000
7qn7_D,3bu1_A,0.800000
7qn7_D,3g7x_A,0.800000
7qn7_D,3g7x_B,0.800000
7qn7_D,3rxh_A,0.900000
7qn7_D,4xmf_A,0.833333
7qn7_D,5rus_A,0.857143
7qn7_D,6dyn_A,0.800000
7qn7_D,6fu4_A,0.555556
7qn7_D,6fu4_B,0.700000
7qn7_D,6fu4_C,0.700000
7qn7_D,6fu4_D,0.700000
7qn7_D,6qfa_A,0.000000
7qn7_D,6qfa_B,0.000000
7qn7_D,6qfa_C,0.000000
7qn7_D,6qfa_D,0.000000
7qn7_D,6qfa_E,0.000000
7qn7_D,7a5v_A,0.000000
7qn7_D,7dfl_R,0.700000
7qn7_D,7qn7_C,0.000000
7qn8_B,1avn_A,0.750000
7qn8_B,1ike_A,0.888889
7qn8_B,1jqd_A,0.700000
7qn8_B,1jqd_B,0.700000
7qn8_B,1kar_A,0.818182
7qn8_B,1kar_B,0.818182
7qn8_B,1np1_A,0.875000
7qn8_B,1np1_B,0.875000
7qn8_B,1qft_A,0.736842
7qn8_B,1qft_B,0.800000
7qn8_B,1qfv_A,0.700000
7qn8_B,1qfv_B,0.700000
7qn8_B,1u18_A,0.857143
7qn8_B,1u18_B,0.857143
7qn8_B,2qeb_A,0.727273
7qn8_B,2qeb_B,0.833333
7qn8_B,2x45_A,0.842105
7qn8_B,2x45_B,0.842105
7qn8_B,2x45_C,0.850000
7qn8_B,3bu1_A,0.700000
7qn8_B,3g7x_A,0.700000
7qn8_B,3g7x_B,0.700000
7qn8_B,3rxh_A,0.818182
7qn8_B,4xmf_A,0.833333
7qn8_B,5rus_A,0.857143
7qn8_B,6dyn_A,0.800000
7qn8_B,6fu4_A,0.666667
7qn8_B,6fu4_B,0.600000
7qn8_B,6fu4_C,0.600000
7qn8_B,6fu4_D,0.727273
7qn8_B,6qfa_A,0.300000
7qn8_B,6qfa_B,0.300000
7qn8_B,6qfa_C,0.300000
7qn8_B,6qfa_D,0.300000
7qn8_B,6qfa_E,0.300000
7qn8_B,7a5v_A,0.285714
7qn8_B,7dfl_R,0.727273
7qn8_B,7qn7_C,0.300000
7qn8_B,7qn7_D,0.300000
7qn8_D,1avn_A,0.750000
7qn8_D,1ike_A,0.777778
7qn8_D,1jqd_A,0.800000
7qn8_D,1jqd_B,0.800000
7qn8_D,1kar_A,0.800000
7qn8_D,1kar_B,0.800000
7qn8_D,1np1_A,0.875000
7qn8_D,1np1_B,0.875000
7qn8_D,1qft_A,0.700000
7qn8_D,1qft_B,0.700000
7qn8_D,1qfv_A,0.800000
7qn8_D,1qfv_B,0.800000
7qn8_D,1u18_A,0.857143
7qn8_D,1u18_B,0.857143
7qn8_D,2qeb_A,0.700000
7qn8_D,2qeb_B,0.800000
7qn8_D,2x45_A,0.700000
7qn8_D,2x45_B,0.700000
7qn8_D,2x45_C,0.700000
7qn8_D,3bu1_A,0.800000
7qn8_D,3g7x_A,0.800000
7qn8_D,3g7x_B,0.800000
7qn8_D,3rxh_A,0.900000
7qn8_D,4xmf_A,0.833333
7qn8_D,5rus_A,0.857143
7qn8_D,6dyn_A,0.800000
7qn8_D,6fu4_A,0.555556
7qn8_D,6fu4_B,0.700000
7qn8_D,6fu4_C,0.700000
7qn8_D,6fu4_D,0.700000
7qn8_D,6qfa_A,0.000000
7qn8_D,6qfa_B,0.000000
7qn8_D,6qfa_C,0.000000
7qn8_D,6qfa_D,0.000000
7qn8_D,6qfa_E,0.000000
7qn8_D,7a5v_A,0.000000
7qn8_D,7dfl_R,0.700000
7qn8_D,7qn7_C,0.000000
7qn8_D,7qn7_D,0.000000
7qn8_D,7qn8_B,0.300000
7qn9_B,1avn_A,0.750000
7qn9_B,1ike_A,0.777778
7qn9_B,1jqd_A,0.800000
7qn9_B,1jqd_B,0.800000
7qn9_B,1kar_A,0.800000
7qn9_B,1kar_B,0.800000
7qn9_B,1np1_A,0.875000
7qn9_B,1np1_B,0.875000
7qn9_B,1qft_A,0.700000
7qn9_B,1qft_B,0.700000
7qn9_B,1qfv_A,0.800000
7qn9_B,1qfv_B,0.800000
7qn9_B,1u18_A,0.857143
7qn9_B,1u18_B,0.857143
7qn9_B,2qeb_A,0.700000
7qn9_B,2qeb_B,0.800000
7qn9_B,2x45_A,0.700000
7qn9_B,2x45_B,0.700000
7qn9_B,2x45_C,0.700000
7qn9_B,3bu1_A,0.800000
7qn9_B,3g7x_A,0.800000
7qn9_B,3g7x_B,0.800000
7qn9_B,3rxh_A,0.900000
7qn9_B,4xmf_A,0.833333
7qn9_B,5rus_A,0.857143
7qn9_B,6dyn_A,0.800000
7qn9_B,6fu4_A,0.555556
7qn9_B,6fu4_B,0.700000
7qn9_B,6fu4_C,0.700000
7qn9_B,6fu4_D,0.700000
7qn9_B,6qfa_A,0.000000
7qn9_B,6qfa_B,0.000000
7qn9_B,6qfa_C,0.000000
7qn9_B,6qfa_D,0.000000
7qn9_B,6qfa_E,0.000000
7qn9_B,7a5v_A,0.000000
7qn9_B,7dfl_R,0.700000
7qn9_B,7qn7_C,0.000000
7qn9_B,7qn7_D,0.000000
7qn9_B,7qn8_B,0.300000
7qn9_B,7qn8_D,0.000000
7qn9_C,1avn_A,0.750000
7qn9_C,1ike_A,0.777778
7qn9_C,1jqd_A,0.800000
7qn9_C,1jqd_B,0.800000
7qn9_C,1kar_A,0.800000
7qn9_C,1kar_B,0.800000
7qn9_C,1np1_A,0.875000
7qn9_C,1np1_B,0.875000
7qn9_C,1qft_A,0.700000
7qn9_C,1qft_B,0.700000
7qn9_C,1qfv_A,0.800000
7qn9_C,1qfv_B,0.800000
7qn9_C,1u18_A,0.857143
7qn9_C,1u18_B,0.857143
7qn9_C,2qeb_A,0.700000
7qn9_C,2qeb_B,0.800000
7qn9_C,2x45_A,0.700000
7qn9_C,2x45_B,0.700000
7qn9_C,2x45_C,0.700000
7qn9_C,3bu1_A,0.800000
7qn9_C,3g7x_A,0.800000
7qn9_C,3g7x_B,0.800000
7qn9_C,3rxh_A,0.900000
7qn9_C,4xmf_A,0.833333
7qn9_C,5rus_A,0.857143
7qn9_C,6dyn_A,0.800000
7qn9_C,6fu4_A,0.555556
7qn9_C,6fu4_B,0.700000
7qn9_C,6fu4_C,0.700000
7qn9_C,6fu4_D,0.700000
7qn9_C,6qfa_A,0.000000
7qn9_C,6qfa_B,0.000000
7qn9_C,6qfa_C,0.000000
7qn9_C,6qfa_D,0.000000
7qn9_C,6qfa_E,0.000000
7qn9_C,7a5v_A,0.000000
7qn9_C,7dfl_R,0.700000
7qn9_C,7qn7_C,0.000000
7qn9_C,7qn7_D,0.000000
7qn9_C,7qn8_B,0.300000
7qn9_C,7qn8_D,0.000000
7qn9_C,7qn9_B,0.000000
7qn9_D,1avn_A,0.750000
7qn9_D,1ike_A,0.777778
7qn9_D,1jqd_A,0.800000
7qn9_D,1jqd_B,0.800000
7qn9_D,1kar_A,0.800000
7qn9_D,1kar_B,0.800000
7qn9_D,1np1_A,0.875000
7qn9_D,1np1_B,0.875000
7qn9_D,1qft_A,0.700000
7qn9_D,1qft_B,0.700000
7qn9_D,1qfv_A,0.800000
7qn9_D,1qfv_B,0.800000
7qn9_D,1u18_A,0.857143
7qn9_D,1u18_B,0.857143
7qn9_D,2qeb_A,0.700000
7qn9_D,2qeb_B,0.800000
7qn9_D,2x45_A,0.700000
7qn9_D,2x45_B,0.700000
7qn9_D,2x45_C,0.700000
7qn9_D,3bu1_A,0.800000
7qn9_D,3g7x_A,0.800000
7qn9_D,3g7x_B,0.800000
7qn9_D,3rxh_A,0.900000
7qn9_D,4xmf_A,0.833333
7qn9_D,5rus_A,0.857143
7qn9_D,6dyn_A,0.800000
7qn9_D,6fu4_A,0.555556
7qn9_D,6fu4_B,0.700000
7qn9_D,6fu4_C,0.700000
7qn9_D,6fu4_D,0.700000
7qn9_D,6qfa_A,0.000000
7qn9_D,6qfa_B,0.000000
7qn9_D,6qfa_C,0.000000
7qn9_D,6qfa_D,0.000000
7qn9_D,6qfa_E,0.000000
7qn9_D,7a5v_A,0.000000
7qn9_D,7dfl_R,0.700000
7qn9_D,7qn7_C,0.000000
7qn9_D,7qn7_D,0.000000
7qn9_D,7qn8_B,0.300000
7qn9_D,7qn8_D,0.000000
7qn9_D,7qn9_B,0.000000
7qn9_D,7qn9_C,0.000000
7qnc_C,1avn_A,0.750000
7qnc_C,1ike_A,0.777778
7qnc_C,1jqd_A,0.800000
7qnc_C,1jqd_B,0.800000
7qnc_C,1kar_A,0.800000
7qnc_C,1kar_B,0.800000
7qnc_C,1np1_A,0.875000
7qnc_C,1np1_B,0.875000
7qnc_C,1qft_A,0.700000
7qnc_C,1qft_B,0.700000
7qnc_C,1qfv_A,0.800000
7qnc_C,1qfv_B,0.800000
7qnc_C,1u18_A,0.857143
7qnc_C,1u18_B,0.857143
7qnc_C,2qeb_A,0.700000
7qnc_C,2qeb_B,0.800000
7qnc_C,2x45_A,0.700000
7qnc_C,2x45_B,0.700000
7qnc_C,2x45_C,0.700000
7qnc_C,3bu1_A,0.800000
7qnc_C,3g7x_A,0.800000
7qnc_C,3g7x_B,0.800000
7qnc_C,3rxh_A,0.900000
7qnc_C,4xmf_A,0.833333
7qnc_C,5rus_A,0.857143
7qnc_C,6dyn_A,0.800000
7qnc_C,6fu4_A,0.555556
7qnc_C,6fu4_B,0.700000
7qnc_C,6fu4_C,0.700000
7qnc_C,6fu4_D,0.700000
7qnc_C,6qfa_A,0.000000
7qnc_C,6qfa_B,0.000000
7qnc_C,6qfa_C,0.000000
7qnc_C,6qfa_D,0.000000
7qnc_C,6qfa_E,0.000000
7qnc_C,7a5v_A,0.000000
7qnc_C,7dfl_R,0.700000
7qnc_C,7qn7_C,0.000000
7qnc_C,7qn7_D,0.000000
7qnc_C,7qn8_B,0.300000
7qnc_C,7qn8_D,0.000000
7qnc_C,7qn9_B,0.000000
7qnc_C,7qn9_C,0.000000
7qnc_C,7qn9_D,0.000000
7qnc_D,1avn_A,0.750000
7qnc_D,1ike_A,0.777778
7qnc_D,1jqd_A,0.800000
7qnc_D,1jqd_B,0.800000
7qnc_D,1kar_A,0.800000
7qnc_D,1kar_B,0.800000
7qnc_D,1np1_A,0.875000
7qnc_D,1np1_B,0.875000
7qnc_D,1qft_A,0.700000
7qnc_D,1qft_B,0.700000
7qnc_D,1qfv_A,0.800000
7qnc_D,1qfv_B,0.800000
7qnc_D,1u18_A,0.857143
7qnc_D,1u18_B,0.857143
7qnc_D,2qeb_A,0.700000
7qnc_D,2qeb_B,0.800000
7qnc_D,2x45_A,0.700000
7qnc_D,2x45_B,0.700000
7qnc_D,2x45_C,0.700000
7qnc_D,3bu1_A,0.800000
7qnc_D,3g7x_A,0.800000
7qnc_D,3g7x_B,0.800000
7qnc_D,3rxh_A,0.900000
7qnc_D,4xmf_A,0.833333
7qnc_D,5rus_A,0.857143
7qnc_D,6dyn_A,0.800000
7qnc_D,6fu4_A,0.555556
7qnc_D,6fu4_B,0.700000
7qnc_D,6fu4_C,0.700000
7qnc_D,6fu4_D,0.700000
7qnc_D,6qfa_A,0.000000
7qnc_D,6qfa_B,0.000000
7qnc_D,6qfa_C,0.000000
7qnc_D,6qfa_D,0.000000
7qnc_D,6qfa_E,0.000000
7qnc_D,7a5v_A,0.000000
7qnc_D,7dfl_R,0.700000
7qnc_D,7qn7_C,0.000000
7qnc_D,7qn7_D,0.000000
7qnc_D,7qn8_B,0.300000
7qnc_D,7qn8_D,0.000000
7qnc_D,7qn9_B,0.000000
7qnc_D,7qn9_C,0.000000
7qnc_D,7qn9_D,0.000000
7qnc_D,7qnc_C,0.000000
7qnd_B,1avn_A,0.750000
7qnd_B,1ike_A,0.777778
7qnd_B,1jqd_A,0.800000
7qnd_B,1jqd_B,0.800000
7qnd_B,1kar_A,0.800000
7qnd_B,1kar_B,0.800000
7qnd_B,1np1_A,0.875000
7qnd_B,1np1_B,0.875000
7qnd_B,1qft_A,0.700000
7qnd_B,1qft_B,0.700000
7qnd_B,1qfv_A,0.800000
7qnd_B,1qfv_B,0.800000
7qnd_B,1u18_A,0.857143
7qnd_B,1u18_B,0.857143
7qnd_B,2qeb_A,0.700000
7qnd_B,2qeb_B,0.800000
7qnd_B,2x45_A,0.700000
7qnd_B,2x45_B,0.700000
7qnd_B,2x45_C,0.700000
7qnd_B,3bu1_A,0.800000
7qnd_B,3g7x_A,0.800000
7qnd_B,3g7x_B,0.800000
7qnd_B,3rxh_A,0.900000
7qnd_B,4xmf_A,0.833333
7qnd_B,5rus_A,0.857143
7qnd_B,6dyn_A,0.800000
7qnd_B,6fu4_A,0.555556
7qnd_B,6fu4_B,0.700000
7qnd_B,6fu4_C,0.700000
7qnd_B,6fu4_D,0.700000
7qnd_B,6qfa_A,0.000000
7qnd_B,6qfa_B,0.000000
7qnd_B,6qfa_C,0.000000
7qnd_B,6qfa_D,0.000000
7qnd_B,6qfa_E,0.000000
7qnd_B,7a5v_A,0.000000
7qnd_B,7dfl_R,0.700000
7qnd_B,7qn7_C,0.000000
7qnd_B,7qn7_D,0.000000
7qnd_B,7qn8_B,0.300000
7qnd_B,7qn8_D,0.000000
7qnd_B,7qn9_B,0.000000
7qnd_B,7qn9_C,0.000000
7qnd_B,7qn9_D,0.000000
7qnd_B,7qnc_C,0.000000
7qnd_B,7qnc_D,0.000000
7qnd_C,1avn_A,0.750000
7qnd_C,1ike_A,0.777778
7qnd_C,1jqd_A,0.700000
7qnd_C,1jqd_B,0.700000
7qnd_C,1kar_A,0.818182
7qnd_C,1kar_B,0.818182
7qnd_C,1np1_A,0.875000
7qnd_C,1np1_B,0.875000
7qnd_C,1qft_A,0.684211
7qnd_C,1qft_B,0.850000
7qnd_C,1qfv_A,0.700000
7qnd_C,1qfv_B,0.700000
7qnd_C,1u18_A,0.857143
7qnd_C,1u18_B,0.857143
7qnd_C,2qeb_A,0.727273
7qnd_C,2qeb_B,0.750000
7qnd_C,2x45_A,0.842105
7qnd_C,2x45_B,0.842105
7qnd_C,2x45_C,0.850000
7qnd_C,3bu1_A,0.700000
7qnd_C,3g7x_A,0.700000
7qnd_C,3g7x_B,0.700000
7qnd_C,3rxh_A,0.818182
7qnd_C,4xmf_A,0.833333
7qnd_C,5rus_A,0.857143
7qnd_C,6dyn_A,0.800000
7qnd_C,6fu4_A,0.555556
7qnd_C,6fu4_B,0.700000
7qnd_C,6fu4_C,0.700000
7qnd_C,6fu4_D,0.727273
7qnd_C,6qfa_A,0.000000
7qnd_C,6qfa_B,0.000000
7qnd_C,6qfa_C,0.000000
7qnd_C,6qfa_D,0.000000
7qnd_C,6qfa_E,0.000000
7qnd_C,7a5v_A,0.000000
7qnd_C,7dfl_R,0.727273
7qnd_C,7qn7_C,0.000000
7qnd_C,7qn7_D,0.000000
7qnd_C,7qn8_B,0.250000
7qnd_C,7qn8_D,0.000000
7qnd_C,7qn9_B,0.000000
7qnd_C,7qn9_C,0.000000
7qnd_C,7qn9_D,0.000000
7qnd_C,7qnc_C,0.000000
7qnd_C,7qnc_D,0.000000
7qnd_C,7qnd_B,0.000000
7yfc_R,1avn_A,0.750000
7yfc_R,1ike_A,0.888889
7yfc_R,1jqd_A,0.666667
7yfc_R,1jqd_B,0.666667
7yfc_R,1kar_A,0.666667
7yfc_R,1kar_B,0.666667
7yfc_R,1np1_A,0.875000
7yfc_R,1np1_B,0.875000
7yfc_R,1qft_A,0.666667
7yfc_R,1qft_B,0.666667
7yfc_R,1qfv_A,0.777778
7yfc_R,1qfv_B,0.777778
7yfc_R,1u18_A,0.857143
7yfc_R,1u18_B,0.857143
7yfc_R,2qeb_A,0.777778
7yfc_R,2qeb_B,0.666667
7yfc_R,2x45_A,0.666667
7yfc_R,2x45_B,0.666667
7yfc_R,2x45_C,0.666667
7yfc_R,3bu1_A,0.777778
7yfc_R,3g7x_A,0.777778
7yfc_R,3g7x_B,0.777778
7yfc_R,3rxh_A,0.777778
7yfc_R,4xmf_A,0.833333
7yfc_R,5rus_A,0.714286
7yfc_R,6dyn_A,0.888889
7yfc_R,6fu4_A,0.666667
7yfc_R,6fu4_B,0.666667
7yfc_R,6fu4_C,0.666667
7yfc_R,6fu4_D,0.666667
7yfc_R,6qfa_A,0.666667
7yfc_R,6qfa_B,0.666667
7yfc_R,6qfa_C,0.666667
7yfc_R,6qfa_D,0.666667
7yfc_R,6qfa_E,0.666667
7yfc_R,7a5v_A,0.571429
7yfc_R,7dfl_R,0.666667
7yfc_R,7qn7_C,0.666667
7yfc_R,7qn7_D,0.666667
7yfc_R,7qn8_B,0.666667
7yfc_R,7qn8_D,0.666667
7yfc_R,7qn9_B,0.666667
7yfc_R,7qn9_C,0.666667
7yfc_R,7qn9_D,0.666667
7yfc_R,7qnc_C,0.666667
7yfc_R,7qnc_D,0.666667
7yfc_R,7qnd_B,0.666667
7yfc_R,7qnd_C,0.666667
8hn8_R,1avn_A,0.750000
8hn8_R,1ike_A,0.875000
8hn8_R,1jqd_A,0.625000
8hn8_R,1jqd_B,0.625000
8hn8_R,1kar_A,0.625000
8hn8_R,1kar_B,0.625000
8hn8_R,1np1_A,0.875000
8hn8_R,1np1_B,0.875000
8hn8_R,1qft_A,0.625000
8hn8_R,1qft_B,0.625000
8hn8_R,1qfv_A,0.625000
8hn8_R,1qfv_B,0.625000
8hn8_R,1u18_A,0.857143
8hn8_R,1u18_B,0.857143
8hn8_R,2qeb_A,0.750000
8hn8_R,2qeb_B,0.875000
8hn8_R,2x45_A,0.625000
8hn8_R,2x45_B,0.625000
8hn8_R,2x45_C,0.625000
8hn8_R,3bu1_A,0.875000
8hn8_R,3g7x_A,0.625000
8hn8_R,3g7x_B,0.625000
8hn8_R,3rxh_A,0.625000
8hn8_R,4xmf_A,0.833333
8hn8_R,5rus_A,0.857143
8hn8_R,6dyn_A,0.875000
8hn8_R,6fu4_A,0.750000
8hn8_R,6fu4_B,0.750000
8hn8_R,6fu4_C,0.750000
8hn8_R,6fu4_D,0.750000
8hn8_R,6qfa_A,0.750000
8hn8_R,6qfa_B,0.750000
8hn8_R,6qfa_C,0.750000
8hn8_R,6qfa_D,0.750000
8hn8_R,6qfa_E,0.750000
8hn8_R,7a5v_A,0.714286
8hn8_R,7dfl_R,0.625000
8hn8_R,7qn7_C,0.750000
8hn8_R,7qn7_D,0.750000
8hn8_R,7qn8_B,0.750000
8hn8_R,7qn8_D,0.750000
8hn8_R,7qn9_B,0.750000
8hn8_R,7qn9_C,0.750000
8hn8_R,7qn9_D,0.750000
8hn8_R,7qnc_C,0.750000
8hn8_R,7qnc_D,0.750000
8hn8_R,7qnd_B,0.750000
8hn8_R,7qnd_C,0.750000
8hn8_R,7yfc_R,0.375000
8jt5_A,1avn_A,0.750000
8jt5_A,1ike_A,0.875000
8jt5_A,1jqd_A,0.875000
8jt5_A,1jqd_B,0.875000
8jt5_A,1kar_A,0.750000
8jt5_A,1kar_B,0.750000
8jt5_A,1np1_A,0.875000
8jt5_A,1np1_B,0.875000
8jt5_A,1qft_A,0.750000
8jt5_A,1qft_B,0.750000
8jt5_A,1qfv_A,0.750000
8jt5_A,1qfv_B,0.750000
8jt5_A,1u18_A,0.857143
8jt5_A,1u18_B,0.857143
8jt5_A,2qeb_A,0.750000
8jt5_A,2qeb_B,0.750000
8jt5_A,2x45_A,0.750000
8jt5_A,2x45_B,0.750000
8jt5_A,2x45_C,0.750000
8jt5_A,3bu1_A,0.625000
8jt5_A,3g7x_A,0.750000
8jt5_A,3g7x_B,0.750000
8jt5_A,3rxh_A,0.875000
8jt5_A,4xmf_A,0.833333
8jt5_A,5rus_A,0.857143
8jt5_A,6dyn_A,0.875000
8jt5_A,6fu4_A,0.750000
8jt5_A,6fu4_B,0.750000
8jt5_A,6fu4_C,0.750000
8jt5_A,6fu4_D,0.750000
8jt5_A,6qfa_A,0.875000
8jt5_A,6qfa_B,0.875000
8jt5_A,6qfa_C,0.875000
8jt5_A,6qfa_D,0.875000
8jt5_A,6qfa_E,0.875000
8jt5_A,7a5v_A,0.857143
8jt5_A,7dfl_R,0.750000
8jt5_A,7qn7_C,0.875000
8jt5_A,7qn7_D,0.875000
8jt5_A,7qn8_B,0.750000
8jt5_A,7qn8_D,0.875000
8jt5_A,7qn9_B,0.875000
8jt5_A,7qn9_C,0.875000
8jt5_A,7qn9_D,0.875000
8jt5_A,7qnc_C,0.875000
8jt5_A,7qnc_D,0.875000
8jt5_A,7qnd_B,0.875000
8jt5_A,7qnd_C,0.750000
8jt5_A,7yfc_R,0.750000
8jt5_A,8hn8_R,0.875000
8jxt_R,1avn_A,0.750000
8jxt_R,1ike_A,0.857143
8jxt_R,1jqd_A,0.714286
8jxt_R,1jqd_B,0.714286
8jxt_R,1kar_A,0.714286
8jxt_R,1kar_B,0.714286
8jxt_R,1np1_A,0.857143
8jxt_R,1np1_B,0.857143
8jxt_R,1qft_A,0.714286
8jxt_R,1qft_B,0.714286
8jxt_R,1qfv_A,0.714286
8jxt_R,1qfv_B,0.714286
8jxt_R,1u18_A,0.857143
8jxt_R,1u18_B,0.857143
8jxt_R,2qeb_A,0.714286
8jxt_R,2qeb_B,0.714286
8jxt_R,2x45_A,0.857143
8jxt_R,2x45_B,0.857143
8jxt_R,2x45_C,0.857143
8jxt_R,3bu1_A,0.714286
8jxt_R,3g7x_A,0.714286
8jxt_R,3g7x_B,0.714286
8jxt_R,3rxh_A,0.714286
8jxt_R,4xmf_A,0.833333
8jxt_R,5rus_A,0.857143
8jxt_R,6dyn_A,0.857143
8jxt_R,6fu4_A,0.714286
8jxt_R,6fu4_B,0.714286
8jxt_R,6fu4_C,0.714286
8jxt_R,6fu4_D,0.714286
8jxt_R,6qfa_A,0.714286
8jxt_R,6qfa_B,0.714286
8jxt_R,6qfa_C,0.714286
8jxt_R,6qfa_D,0.714286
8jxt_R,6qfa_E,0.714286
8jxt_R,7a5v_A,0.714286
8jxt_R,7dfl_R,0.571429
8jxt_R,7qn7_C,0.714286
8jxt_R,7qn7_D,0.714286
8jxt_R,7qn8_B,0.571429
8jxt_R,7qn8_D,0.714286
8jxt_R,7qn9_B,0.714286
8jxt_R,7qn9_C,0.714286
8jxt_R,7qn9_D,0.714286
8jxt_R,7qnc_C,0.714286
8jxt_R,7qnc_D,0.714286
8jxt_R,7qnd_B,0.714286
8jxt_R,7qnd_C,0.571429
8jxt_R,7yfc_R,0.428571
8jxt_R,8hn8_R,0.571429
8jxt_R,8jt5_A,0.714286
8pok_A,1avn_A,1.000000
8pok_A,1ike_A,0.875000
8pok_A,1jqd_A,0.750000
8pok_A,1jqd_B,0.750000
8pok_A,1kar_A,0.875000
8pok_A,1kar_B,0.875000
8pok_A,1np1_A,0.875000
8pok_A,1np1_B,0.875000
8pok_A,1qft_A,0.750000
8pok_A,1qft_B,0.500000
8pok_A,1qfv_A,0.750000
8pok_A,1qfv_B,0.750000
8pok_A,1u18_A,0.857143
8pok_A,1u18_B,0.857143
8pok_A,2qeb_A,0.750000
8pok_A,2qeb_B,0.750000
8pok_A,2x45_A,0.625000
8pok_A,2x45_B,0.625000
8pok_A,2x45_C,0.625000
8pok_A,3bu1_A,0.750000
8pok_A,3g7x_A,0.750000
8pok_A,3g7x_B,0.750000
8pok_A,3rxh_A,0.750000
8pok_A,4xmf_A,0.833333
8pok_A,5rus_A,0.714286
8pok_A,6dyn_A,0.875000
8pok_A,6fu4_A,0.750000
8pok_A,6fu4_B,0.750000
8pok_A,6fu4_C,0.750000
8pok_A,6fu4_D,0.750000
8pok_A,6qfa_A,0.750000
8pok_A,6qfa_B,0.750000
8pok_A,6qfa_C,0.750000
8pok_A,6qfa_D,0.750000
8pok_A,6qfa_E,0.750000
8pok_A,7a5v_A,0.714286
8pok_A,7dfl_R,0.625000
8pok_A,7qn7_C,0.750000
8pok_A,7qn7_D,0.750000
8pok_A,7qn8_B,0.750000
8pok_A,7qn8_D,0.750000
8pok_A,7qn9_B,0.750000
8pok_A,7qn9_C,0.750000
8pok_A,7qn9_D,0.750000
8pok_A,7qnc_C,0.750000
8pok_A,7qnc_D,0.750000
8pok_A,7qnd_B,0.750000
8pok_A,7qnd_C,0.750000
8pok_A,7yfc_R,0.375000
8pok_A,8hn8_R,0.625000
8pok_A,8jt5_A,0.750000
8pok_A,8jxt_R,0.714286
8pvb_A,1avn_A,1.000000
8pvb_A,1ike_A,0.857143
8pvb_A,1jqd_A,0.714286
8pvb_A,1jqd_B,0.714286
8pvb_A,1kar_A,0.714286
8pvb_A,1kar_B,0.714286
8pvb_A,1np1_A,0.857143
8pvb_A,1np1_B,0.857143
8pvb_A,1qft_A,0.571429
8pvb_A,1qft_B,0.571429
8pvb_A,1qfv_A,0.714286
8pvb_A,1qfv_B,0.714286
8pvb_A,1u18_A,0.857143
8pvb_A,1u18_B,0.857143
8pvb_A,2qeb_A,0.571429
8pvb_A,2qeb_B,0.714286
8pvb_A,2x45_A,0.714286
8pvb_A,2x45_B,0.714286
8pvb_A,2x45_C,0.714286
8pvb_A,3bu1_A,0.714286
8pvb_A,3g7x_A,0.714286
8pvb_A,3g7x_B,0.714286
8pvb_A,3rxh_A,0.857143
8pvb_A,4xmf_A,1.000000
8pvb_A,5rus_A,0.857143
8pvb_A,6dyn_A,0.714286
8pvb_A,6fu4_A,0.571429
8pvb_A,6fu4_B,0.571429
8pvb_A,6fu4_C,0.571429
8pvb_A,6fu4_D,0.571429
8pvb_A,6qfa_A,0.000000
8pvb_A,6qfa_B,0.000000
8pvb_A,6qfa_C,0.000000
8pvb_A,6qfa_D,0.000000
8pvb_A,6qfa_E,0.000000
8pvb_A,7a5v_A,0.000000
8pvb_A,7dfl_R,0.571429
8pvb_A,7qn7_C,0.000000
8pvb_A,7qn7_D,0.000000
8pvb_A,7qn8_B,0.285714
8pvb_A,7qn8_D,0.000000
8pvb_A,7qn9_B,0.000000
8pvb_A,7qn9_C,0.000000
8pvb_A,7qn9_D,0.000000
8pvb_A,7qnc_C,0.000000
8pvb_A,7qnc_D,0.000000
8pvb_A,7qnd_B,0.000000
8pvb_A,7qnd_C,0.000000
8pvb_A,7yfc_R,0.571429
8pvb_A,8hn8_R,0.714286
8pvb_A,8jt5_A,0.857143
8pvb_A,8jxt_R,0.714286
8pvb_A,8pok_A,0.714286
8tgk_A,1avn_A,0.750000
8tgk_A,1ike_A,0.888889
8tgk_A,1jqd_A,0.700000
8tgk_A,1jqd_B,0.700000
8tgk_A,1kar_A,0.800000
8tgk_A,1kar_B,0.800000
8tgk_A,1np1_A,0.875000
8tgk_A,1np1_B,0.875000
8tgk_A,1qft_A,0.500000
8tgk_A,1qft_B,0.600000
8tgk_A,1qfv_A,0.700000
8tgk_A,1qfv_B,0.700000
8tgk_A,1u18_A,0.857143
8tgk_A,1u18_B,0.857143
8tgk_A,2qeb_A,0.700000
8tgk_A,2qeb_B,0.800000
8tgk_A,2x45_A,0.700000
8tgk_A,2x45_B,0.700000
8tgk_A,2x45_C,0.800000
8tgk_A,3bu1_A,0.800000
8tgk_A,3g7x_A,0.700000
8tgk_A,3g7x_B,0.700000
8tgk_A,3rxh_A,0.900000
8tgk_A,4xmf_A,0.833333
8tgk_A,5rus_A,0.714286
8tgk_A,6dyn_A,0.800000
8tgk_A,6fu4_A,0.777778
8tgk_A,6fu4_B,0.800000
8tgk_A,6fu4_C,0.800000
8tgk_A,6fu4_D,0.800000
8tgk_A,6qfa_A,0.800000
8tgk_A,6qfa_B,0.800000
8tgk_A,6qfa_C,0.800000
8tgk_A,6qfa_D,0.800000
8tgk_A,6qfa_E,0.800000
8tgk_A,7a5v_A,0.714286
8tgk_A,7dfl_R,0.800000
8tgk_A,7qn7_C,0.800000
8tgk_A,7qn7_D,0.800000
8tgk_A,7qn8_B,0.800000
8tgk_A,7qn8_D,0.800000
8tgk_A,7qn9_B,0.800000
8tgk_A,7qn9_C,0.800000
8tgk_A,7qn9_D,0.800000
8tgk_A,7qnc_C,0.800000
8tgk_A,7qnc_D,0.800000
8tgk_A,7qnd_B,0.800000
8tgk_A,7qnd_C,0.800000
8tgk_A,7yfc_R,0.777778
8tgk_A,8hn8_R,0.750000
8tgk_A,8jt5_A,0.500000
8tgk_A,8jxt_R,0.714286
8tgk_A,8pok_A,0.750000
8tgk_A,8pvb_A,0.714286
8ucn_A,1avn_A,0.750000
8ucn_A,1ike_A,0.888889
8ucn_A,1jqd_A,0.800000
8ucn_A,1jqd_B,0.800000
8ucn_A,1kar_A,0.909091
8ucn_A,1kar_B,0.909091
8ucn_A,1np1_A,0.875000
8ucn_A,1np1_B,0.875000
8ucn_A,1qft_A,0.818182
8ucn_A,1qft_B,0.727273
8ucn_A,1qfv_A,0.800000
8ucn_A,1qfv_B,0.800000
8ucn_A,1u18_A,0.857143
8ucn_A,1u18_B,0.857143
8ucn_A,2qeb_A,0.818182
8ucn_A,2qeb_B,0.818182
8ucn_A,2x45_A,0.727273
8ucn_A,2x45_B,0.727273
8ucn_A,2x45_C,0.727273
8ucn_A,3bu1_A,0.800000
8ucn_A,3g7x_A,0.800000
8ucn_A,3g7x_B,0.800000
8ucn_A,3rxh_A,0.909091
8ucn_A,4xmf_A,1.000000
8ucn_A,5rus_A,0.857143
8ucn_A,6dyn_A,0.800000
8ucn_A,6fu4_A,0.777778
8ucn_A,6fu4_B,0.800000
8ucn_A,6fu4_C,0.800000
8ucn_A,6fu4_D,0.818182
8ucn_A,6qfa_A,0.800000
8ucn_A,6qfa_B,0.800000
8ucn_A,6qfa_C,0.800000
8ucn_A,6qfa_D,0.800000
8ucn_A,6qfa_E,0.800000
8ucn_A,7a5v_A,0.714286
8ucn_A,7dfl_R,0.818182
8ucn_A,7qn7_C,0.800000
8ucn_A,7qn7_D,0.800000
8ucn_A,7qn8_B,0.636364
8ucn_A,7qn8_D,0.800000
8ucn_A,7qn9_B,0.800000
8ucn_A,7qn9_C,0.800000
8ucn_A,7qn9_D,0.800000
8ucn_A,7qnc_C,0.800000
8ucn_A,7qnc_D,0.800000
8ucn_A,7qnd_B,0.800000
8ucn_A,7qnd_C,0.818182
8ucn_A,7yfc_R,0.888889
8ucn_A,8hn8_R,0.875000
8ucn_A,8jt5_A,0.625000
8ucn_A,8jxt_R,0.714286
8ucn_A,8pok_A,0.750000
8ucn_A,8pvb_A,0.714286
8ucn_A,8tgk_A,0.800000
8yn2_R,1avn_A,0.750000
8yn2_R,1ike_A,0.777778
8yn2_R,1jqd_A,0.800000
8yn2_R,1jqd_B,0.800000
8yn2_R,1kar_A,0.818182
8yn2_R,1kar_B,0.818182
8yn2_R,1np1_A,0.750000
8yn2_R,1np1_B,0.750000
8yn2_R,1qft_A,0.750000
8yn2_R,1qft_B,0.750000
8yn2_R,1qfv_A,0.800000
8yn2_R,1qfv_B,0.800000
8yn2_R,1u18_A,0.857143
8yn2_R,1u18_B,0.857143
8yn2_R,2qeb_A,0.818182
8yn2_R,2qeb_B,0.833333
8yn2_R,2x45_A,0.833333
8yn2_R,2x45_B,0.833333
8yn2_R,2x45_C,0.833333
8yn2_R,3bu1_A,0.800000
8yn2_R,3g7x_A,0.800000
8yn2_R,3g7x_B,0.800000
8yn2_R,3rxh_A,0.909091
8yn2_R,4xmf_A,0.833333
8yn2_R,5rus_A,0.857143
8yn2_R,6dyn_A,0.900000
8yn2_R,6fu4_A,0.666667
8yn2_R,6fu4_B,0.700000
8yn2_R,6fu4_C,0.700000
8yn2_R,6fu4_D,0.727273
8yn2_R,6qfa_A,0.800000
8yn2_R,6qfa_B,0.800000
8yn2_R,6qfa_C,0.800000
8yn2_R,6qfa_D,0.800000
8yn2_R,6qfa_E,0.800000
8yn2_R,7a5v_A,0.714286
8yn2_R,7dfl_R,0.181818
8yn2_R,7qn7_C,0.800000
8yn2_R,7qn7_D,0.800000
8yn2_R,7qn8_B,0.750000
8yn2_R,7qn8_D,0.800000
8yn2_R,7qn9_B,0.800000
8yn2_R,7qn9_C,0.800000
8yn2_R,7qn9_D,0.800000
8yn2_R,7qnc_C,0.800000
8yn2_R,7qnc_D,0.800000
8yn2_R,7qnd_B,0.800000
8yn2_R,7qnd_C,0.750000
8yn2_R,7yfc_R,0.666667
8yn2_R,8hn8_R,0.625000
8yn2_R,8jt5_A,0.625000
8yn2_R,8jxt_R,0.571429
8yn2_R,8pok_A,0.625000
8yn2_R,8pvb_A,0.714286
8yn2_R,8tgk_A,0.700000
8yn2_R,8ucn_A,0.818182
8yn3_R,1avn_A,1.000000
8yn3_R,1ike_A,0.777778
8yn3_R,1jqd_A,0.700000
8yn3_R,1jqd_B,0.700000
8yn3_R,1kar_A,0.818182
8yn3_R,1kar_B,0.818182
8yn3_R,1np1_A,0.750000
8yn3_R,1np1_B,0.750000
8yn3_R,1qft_A,0.636364
8yn3_R,1qft_B,0.636364
8yn3_R,1qfv_A,0.800000
8yn3_R,1qfv_B,0.800000
8yn3_R,1u18_A,0.857143
8yn3_R,1u18_B,0.857143
8yn3_R,2qeb_A,0.818182
8yn3_R,2qeb_B,0.818182
8yn3_R,2x45_A,0.818182
8yn3_R,2x45_B,0.818182
8yn3_R,2x45_C,0.818182
8yn3_R,3bu1_A,0.800000
8yn3_R,3g7x_A,0.800000
8yn3_R,3g7x_B,0.800000
8yn3_R,3rxh_A,0.818182
8yn3_R,4xmf_A,0.666667
8yn3_R,5rus_A,0.857143
8yn3_R,6dyn_A,0.800000
8yn3_R,6fu4_A,0.777778
8yn3_R,6fu4_B,0.800000
8yn3_R,6fu4_C,0.800000
8yn3_R,6fu4_D,0.818182
8yn3_R,6qfa_A,0.800000
8yn3_R,6qfa_B,0.800000
8yn3_R,6qfa_C,0.800000
8yn3_R,6qfa_D,0.800000
8yn3_R,6qfa_E,0.800000
8yn3_R,7a5v_A,0.714286
8yn3_R,7dfl_R,0.636364
8yn3_R,7qn7_C,0.800000
8yn3_R,7qn7_D,0.800000
8yn3_R,7qn8_B,0.636364
8yn3_R,7qn8_D,0.800000
8yn3_R,7qn9_B,0.800000
8yn3_R,7qn9_C,0.800000
8yn3_R,7qn9_D,0.800000
8yn3_R,7qnc_C,0.800000
8yn3_R,7qnc_D,0.800000
8yn3_R,7qnd_B,0.800000
8yn3_R,7qnd_C,0.727273
8yn3_R,7yfc_R,0.666667
8yn3_R,8hn8_R,0.750000
8yn3_R,8jt5_A,0.750000
8yn3_R,8jxt_R,0.714286
8yn3_R,8pok_A,0.500000
8yn3_R,8pvb_A,0.714286
8yn3_R,8tgk_A,0.700000
8yn3_R,8ucn_A,0.818182
8yn3_R,8yn2_R,0.545455
8yn4_R,1avn_A,1.000000
8yn4_R,1ike_A,0.777778
8yn4_R,1jqd_A,0.700000
8yn4_R,1jqd_B,0.700000
8yn4_R,1kar_A,0.818182
8yn4_R,1kar_B,0.818182
8yn4_R,1np1_A,0.750000
8yn4_R,1np1_B,0.750000
8yn4_R,1qft_A,0.636364
8yn4_R,1qft_B,0.636364
8yn4_R,1qfv_A,0.800000
8yn4_R,1qfv_B,0.800000
8yn4_R,1u18_A,0.857143
8yn4_R,1u18_B,0.857143
8yn4_R,2qeb_A,0.818182
8yn4_R,2qeb_B,0.818182
8yn4_R,2x45_A,0.818182
8yn4_R,2x45_B,0.818182
8yn4_R,2x45_C,0.818182
8yn4_R,3bu1_A,0.800000
8yn4_R,3g7x_A,0.800000
8yn4_R,3g7x_B,0.800000
8yn4_R,3rxh_A,0.818182
8yn4_R,4xmf_A,0.666667
8yn4_R,5rus_A,0.857143
8yn4_R,6dyn_A,0.800000
8yn4_R,6fu4_A,0.777778
8yn4_R,6fu4_B,0.800000
8yn4_R,6fu4_C,0.800000
8yn4_R,6fu4_D,0.818182
8yn4_R,6qfa_A,0.800000
8yn4_R,6qfa_B,0.800000
8yn4_R,6qfa_C,0.800000
8yn4_R,6qfa_D,0.800000
8yn4_R,6qfa_E,0.800000
8yn4_R,7a5v_A,0.714286
8yn4_R,7dfl_R,0.636364
8yn4_R,7qn7_C,0.800000
8yn4_R,7qn7_D,0.800000
8yn4_R,7qn8_B,0.636364
8yn4_R,7qn8_D,0.800000
8yn4_R,7qn9_B,0.800000
8yn4_R,7qn9_C,0.800000
8yn4_R,7qn9_D,0.800000
8yn4_R,7qnc_C,0.800000
8yn4_R,7qnc_D,0.800000
8yn4_R,7qnd_B,0.800000
8yn4_R,7qnd_C,0.727273
8yn4_R,7yfc_R,0.666667
8yn4_R,8hn8_R,0.750000
8yn4_R,8jt5_A,0.750000
8yn4_R,8jxt_R,0.714286
8yn4_R,8pok_A,0.500000
8yn4_R,8pvb_A,0.714286
8yn4_R,8tgk_A,0.700000
8yn4_R,8ucn_A,0.818182
8yn4_R,8yn2_R,0.545455
8yn4_R,8yn3_R,0.000000
8yn5_R,1avn_A,1.000000
8yn5_R,1ike_A,0.750000
8yn5_R,1jqd_A,0.750000
8yn5_R,1jqd_B,0.750000
8yn5_R,1kar_A,0.625000
8yn5_R,1kar_B,0.625000
8yn5_R,1np1_A,0.750000
8yn5_R,1np1_B,0.750000
8yn5_R,1qft_A,0.750000
8yn5_R,1qft_B,0.750000
8yn5_R,1qfv_A,0.500000
8yn5_R,1qfv_B,0.500000
8yn5_R,1u18_A,0.714286
8yn5_R,1u18_B,0.714286
8yn5_R,2qeb_A,0.625000
8yn5_R,2qeb_B,0.750000
8yn5_R,2x45_A,0.750000
8yn5_R,2x45_B,0.750000
8yn5_R,2x45_C,0.750000
8yn5_R,3bu1_A,0.875000
8yn5_R,3g7x_A,0.500000
8yn5_R,3g7x_B,0.500000
8yn5_R,3rxh_A,0.625000
8yn5_R,4xmf_A,0.833333
8yn5_R,5rus_A,0.857143
8yn5_R,6dyn_A,0.750000
8yn5_R,6fu4_A,0.625000
8yn5_R,6fu4_B,0.625000
8yn5_R,6fu4_C,0.625000
8yn5_R,6fu4_D,0.625000
8yn5_R,6qfa_A,0.625000
8yn5_R,6qfa_B,0.625000
8yn5_R,6qfa_C,0.625000
8yn5_R,6qfa_D,0.625000
8yn5_R,6qfa_E,0.625000
8yn5_R,7a5v_A,0.571429
8yn5_R,7dfl_R,0.750000
8yn5_R,7qn7_C,0.625000
8yn5_R,7qn7_D,0.625000
8yn5_R,7qn8_B,0.625000
8yn5_R,7qn8_D,0.625000
8yn5_R,7qn9_B,0.625000
8yn5_R,7qn9_C,0.625000
8yn5_R,7qn9_D,0.625000
8yn5_R,7qnc_C,0.625000
8yn5_R,7qnc_D,0.625000
8yn5_R,7qnd_B,0.625000
8yn5_R,7qnd_C,0.625000
8yn5_R,7yfc_R,0.500000
8yn5_R,8hn8_R,0.250000
8yn5_R,8jt5_A,0.875000
8yn5_R,8jxt_R,0.571429
8yn5_R,8pok_A,0.750000
8yn5_R,8pvb_A,0.571429
8yn5_R,8tgk_A,0.750000
8yn5_R,8ucn_A,0.875000
8yn5_R,8yn2_R,0.750000
8yn5_R,8yn3_R,0.750000
8yn5_R,8yn4_R,0.750000
8yn9_R,1avn_A,0.750000
8yn9_R,1ike_A,0.875000
8yn9_R,1jqd_A,0.625000
8yn9_R,1jqd_B,0.625000
8yn9_R,1kar_A,0.750000
8yn9_R,1kar_B,0.750000
8yn9_R,1np1_A,0.875000
8yn9_R,1np1_B,0.875000
8yn9_R,1qft_A,0.750000
8yn9_R,1qft_B,0.750000
8yn9_R,1qfv_A,0.625000
8yn9_R,1qfv_B,0.625000
8yn9_R,1u18_A,0.857143
8yn9_R,1u18_B,0.857143
8yn9_R,2qeb_A,0.625000
8yn9_R,2qeb_B,0.750000
8yn9_R,2x45_A,0.750000
8yn9_R,2x45_B,0.750000
8yn9_R,2x45_C,0.750000
8yn9_R,3bu1_A,0.875000
8yn9_R,3g7x_A,0.625000
8yn9_R,3g7x_B,0.625000
8yn9_R,3rxh_A,0.625000
8yn9_R,4xmf_A,0.833333
8yn9_R,5rus_A,0.857143
8yn9_R,6dyn_A,0.875000
8yn9_R,6fu4_A,0.750000
8yn9_R,6fu4_B,0.750000
8yn9_R,6fu4_C,0.750000
8yn9_R,6fu4_D,0.750000
8yn9_R,6qfa_A,0.625000
8yn9_R,6qfa_B,0.625000
8yn9_R,6qfa_C,0.625000
8yn9_R,6qfa_D,0.625000
8yn9_R,6qfa_E,0.625000
8yn9_R,7a5v_A,0.571429
8yn9_R,7dfl_R,0.625000
8yn9_R,7qn7_C,0.625000
8yn9_R,7qn7_D,0.625000
8yn9_R,7qn8_B,0.625000
8yn9_R,7qn8_D,0.625000
8yn9_R,7qn9_B,0.625000
8yn9_R,7qn9_C,0.625000
8yn9_R,7qn9_D,0.625000
8yn9_R,7qnc_C,0.625000
8yn9_R,7qnc_D,0.625000
8yn9_R,7qnd_B,0.625000
8yn9_R,7qnd_C,0.625000
8yn9_R,7yfc_R,0.375000
8yn9_R,8hn8_R,0.250000
8yn9_R,8jt5_A,0.875000
8yn9_R,8jxt_R,0.428571
8yn9_R,8pok_A,0.625000
8yn9_R,8pvb_A,0.571429
8yn9_R,8tgk_A,0.750000
8yn9_R,8ucn_A,0.875000
8yn9_R,8yn2_R,0.625000
8yn9_R,8yn3_R,0.625000
8yn9_R,8yn4_R,0.625000
8yn9_R,8yn5_R,0.250000
8yuu_R,1avn_A,1.000000
8yuu_R,1ike_A,0.750000
8yuu_R,1jqd_A,0.750000
8yuu_R,1jqd_B,0.750000
8yuu_R,1kar_A,0.625000
8yuu_R,1kar_B,0.625000
8yuu_R,1np1_A,0.750000
8yuu_R,1np1_B,0.750000
8yuu_R,1qft_A,0.750000
8yuu_R,1qft_B,0.750000
8yuu_R,1qfv_A,0.500000
8yuu_R,1qfv_B,0.500000
8yuu_R,1u18_A,0.714286
8yuu_R,1u18_B,0.714286
8yuu_R,2qeb_A,0.625000
8yuu_R,2qeb_B,0.750000
8yuu_R,2x45_A,0.750000
8yuu_R,2x45_B,0.750000
8yuu_R,2x45_C,0.750000
8yuu_R,3bu1_A,0.875000
8yuu_R,3g7x_A,0.500000
8yuu_R,3g7x_B,0.500000
8yuu_R,3rxh_A,0.625000
8yuu_R,4xmf_A,0.833333
8yuu_R,5rus_A,0.857143
8yuu_R,6dyn_A,0.750000
8yuu_R,6fu4_A,0.625000
8yuu_R,6fu4_B,0.625000
8yuu_R,6fu4_C,0.625000
8yuu_R,6fu4_D,0.625000
8yuu_R,6qfa_A,0.625000
8yuu_R,6qfa_B,0.625000
8yuu_R,6qfa_C,0.625000
8yuu_R,6qfa_D,0.625000
8yuu_R,6qfa_E,0.625000
8yuu_R,7a5v_A,0.571429
8yuu_R,7dfl_R,0.750000
8yuu_R,7qn7_C,0.625000
8yuu_R,7qn7_D,0.625000
8yuu_R,7qn8_B,0.625000
8yuu_R,7qn8_D,0.625000
8yuu_R,7qn9_B,0.625000
8yuu_R,7qn9_C,0.625000
8yuu_R,7qn9_D,0.625000
8yuu_R,7qnc_C,0.625000
8yuu_R,7qnc_D,0.625000
8yuu_R,7qnd_B,0.625000
8yuu_R,7qnd_C,0.625000
8yuu_R,7yfc_R,0.500000
8yuu_R,8hn8_R,0.250000
8yuu_R,8jt5_A,0.875000
8yuu_R,8jxt_R,0.571429
8yuu_R,8pok_A,0.750000
8yuu_R,8pvb_A,0.571429
8yuu_R,8tgk_A,0.750000
8yuu_R,8ucn_A,0.875000
8yuu_R,8yn2_R,0.750000
8yuu_R,8yn3_R,0.750000
8yuu_R,8yn4_R,0.750000
8yuu_R,8yn5_R,0.000000
8yuu_R,8yn9_R,0.250000
